{"cameraMode":{"drawMode":0,"name":"Shaded","section":"Shading Mode"},"sceneLighting":true,"audioPlay":false,"sceneViewState":{"showFog":true,"showMaterialUpdate":true,"showSkybox":true,"showFlares":true,"showImageEffects":true,"showParticleSystems":true},"in2DMode":false,"pivot":{"x":0.4160515069961548,"y":0.05277228355407715,"z":-0.4964750111103058},"rotation":{"x":-0.12083588540554047,"y":-0.5537990927696228,"z":0.08080190420150757,"w":-0.820443868637085},"size":1.1791900396347047,"orthographic":false}