{"cameraMode":{"drawMode":0,"name":"Shaded","section":"Shading Mode"},"sceneLighting":true,"audioPlay":false,"sceneViewState":{"showFog":true,"showMaterialUpdate":true,"showSkybox":true,"showFlares":true,"showImageEffects":true,"showParticleSystems":true},"in2DMode":false,"pivot":{"x":-1.6294268369674683,"y":0.4353753626346588,"z":2.363177537918091},"rotation":{"x":-0.022685840725898744,"y":0.125506192445755,"z":-0.0024463788140565159,"w":-0.9922309517860413},"size":2.8852620124816896,"orthographic":false}