{"cameraMode":{"drawMode":0,"name":"Shaded","section":"Shading Mode"},"sceneLighting":false,"audioPlay":false,"sceneViewState":{"showFog":true,"showMaterialUpdate":false,"showSkybox":false,"showFlares":true,"showImageEffects":true,"showParticleSystems":true},"in2DMode":false,"pivot":{"x":-0.19180011749267579,"y":1.402400016784668,"z":2.7202260494232179},"rotation":{"x":-0.07721972465515137,"y":0.8035964369773865,"z":-0.1069677546620369,"w":-0.5804185271263123},"size":11.632725715637207,"orthographic":false}