{"cameraMode":{"drawMode":0,"name":"Shaded","section":"Shading Mode"},"sceneLighting":true,"audioPlay":false,"sceneViewState":{"showFog":true,"showMaterialUpdate":false,"showSkybox":true,"showFlares":true,"showImageEffects":true,"showParticleSystems":true},"in2DMode":false,"pivot":{"x":0.8434792757034302,"y":0.7614516019821167,"z":-2.6160197257995607},"rotation":{"x":-0.08269578963518143,"y":0.021520815789699556,"z":-0.0017860193038359285,"w":-0.9963427186012268},"size":3.007394790649414,"orthographic":false}