{"cameraMode":{"drawMode":0,"name":"Shaded","section":"Shading Mode"},"sceneLighting":true,"audioPlay":false,"sceneViewState":{"showFog":true,"showMaterialUpdate":false,"showSkybox":true,"showFlares":true,"showImageEffects":true,"showParticleSystems":true},"in2DMode":false,"pivot":{"x":-0.7116758227348328,"y":-3.3291897773742677,"z":11.44189453125},"rotation":{"x":-0.12895826995372773,"y":-0.016251875087618829,"z":0.0025820501614362,"w":-0.9917725920677185},"size":15.060303688049317,"orthographic":false}