{"cameraMode":{"drawMode":0,"name":"Shaded","section":"Shading Mode"},"sceneLighting":true,"audioPlay":false,"sceneViewState":{"showFog":true,"showMaterialUpdate":true,"showSkybox":true,"showFlares":true,"showImageEffects":true,"showParticleSystems":true},"in2DMode":false,"pivot":{"x":3.479825973510742,"y":0.8134857416152954,"z":7.976386070251465},"rotation":{"x":-0.020016370341181756,"y":-0.9712507128715515,"z":0.22408418357372285,"w":-0.0837150365114212},"size":1.3793492317199708,"orthographic":false}